Close,Close,High,High,Low,Low,Open,Open,Volume,Volume
AAPL,PETR4.SA,AAPL,PETR4.SA,AAPL,PETR4.SA,AAPL,PETR4.SA,AAPL,PETR4.SA
183.90321350097656,27.692338943481445,186.6770206585062,27.772968225754337,182.16958591702465,27.41380498161671,185.39908100307179,27.443122432880106,82488700.0,24043800.0
182.52621459960938,28.557266235351562,184.14096966630487,28.674544427023395,181.7138790075681,27.611709242172793,182.4964964795135,27.70699864669761,58414500.0,52300200.0
180.20811462402344,28.31537628173828,181.37706768373354,28.843126654744577,179.18775216816366,28.227415556127095,180.4458595901839,28.67453945818805,71983600.0,45344900.0
179.48495483398438,28.38134765625,181.05017488447822,28.689201831663915,178.48440937769652,28.15411995811184,180.28738953880892,28.491294377698235,62379700.0,35783700.0
183.823974609375,28.168779373168945,183.86360885082058,28.168779373168945,179.80196071659407,27.5677283633812,180.38643729162627,28.13213046693941,59144500.0,35158100.0
183.4079132080078,27.926895141601562,183.41781421075365,28.40333937210281,181.0204564512382,27.875586107071605,182.19932576748687,28.344698877707042,42841800.0,27279000.0
184.44808959960938,27.670351028442383,184.6561164657865,28.051505868211166,182.1993225017619,27.494432334651876,182.6253074687535,27.926896210915228,46792900.0,27382000.0
183.85366821289062,27.904903411865234,185.3000155120803,27.963543900077713,181.9020977729046,27.633698144213465,184.79477725525186,27.838934260692387,49128400.0,26564400.0
184.1806182861328,27.97820281982422,184.99295400827782,28.388677872297848,183.45745205458948,27.97820281982422,184.31930790747037,28.22009065328168,40477800.0,24479500.0
,28.27873420715332,,28.308051659972104,,27.750980910555487,,27.846270321581837,,13818300.0
181.9120330810547,27.926895141601562,182.5361287641061,28.43265961930069,179.23728115128065,27.912237814135295,180.45578462721193,28.30072130304289,65603000.0,31277700.0
180.97091674804688,27.76563835144043,181.2185778549055,27.963545818536563,178.613193289656,27.721657982263768,179.57411959355028,27.83160750713914,47317400.0,27577300.0
186.86524963378906,27.65568733215332,187.37047281337263,27.956212848289802,184.09144241490495,27.53108048708492,184.34900450558874,27.956212848289802,78005800.0,22987200.0
189.767822265625,27.50908851623535,190.1541729432286,27.780296580131964,187.05346652103705,27.289192277612127,187.55868967912403,27.714327428931757,68903000.0,31745200.0
192.07603454589844,27.633699417114258,193.50256484427592,27.71432869405428,190.4612794003693,27.28919352332779,190.5009136397872,27.487100985962623,60133900.0,22753700.0
193.35397338867188,27.97820281982422,193.91864797179585,28.124801252574265,192.01661247228014,27.435792253621337,193.19548176740474,27.736317782499295,42355600.0,32498500.0
192.68032836914062,27.76563835144043,194.542744606446,28.249411227853454,192.5218216434054,27.68500907268283,193.59171936806808,28.06616388381621,53631300.0,25415300.0
192.3534393310547,28.791824340820312,194.43379881211092,28.791824340820312,191.30335858737243,27.94888816155193,193.3936190715828,28.04417477564348,54822100.0,48655300.0
190.61978149414062,29.290252685546875,192.9378856146602,29.38554208048497,190.14427644491346,28.52061445537271,192.4524795638358,28.65988142018041,44594000.0,41378200.0
189.9362335205078,29.73737907409668,190.40183756577807,29.75203919730712,187.80635425336052,29.194968495973264,190.213612724154,29.319575349063136,47145600.0,30547500.0
186.28077697753906,29.554134368896484,190.0056098088079,29.861991391558345,185.71611749758625,29.356226882070896,189.1536549714469,29.444184833060206,55859400.0,34829000.0
182.67483520507812,29.87664794921875,185.34958738130655,30.228485336365353,182.6253150741395,29.451515533626832,185.29013601531707,29.488164445915878,55467800.0,57978900.0
185.11180114746094,30.47036361694336,185.20095550981347,30.697591296406273,182.10024901841177,29.810672157942733,182.26865674153308,29.89130142472416,64885400.0,61629200.0
184.11126708984375,30.074552536010742,185.5774165638072,30.62429455582746,177.57300802816712,30.06722387271149,178.1773017145222,30.47769892078234,102551700.0,36485600.0
185.92416381835938,30.20648956298828,187.47948303370234,30.550995442220636,184.10138145528597,30.001253445725972,186.38976797097564,30.059891138029897,69668800.0,27703000.0
187.52899169921875,30.485023498535156,187.53889270164484,31.042094106993552,185.02266252630227,30.250467158538765,185.1118168962398,30.38240544930325,43490800.0,35474600.0
187.63795471191406,30.93214988708496,189.26261088240534,30.93214988708496,186.84543618864265,30.36041631567397,188.85644306077413,30.43371692540992,53439000.0,30648100.0
186.5581512451172,30.682939529418945,187.76672344534998,31.115403426701487,185.59722501634783,30.682939529418945,187.6181328392653,31.005453888221908,40962000.0,25589100.0
187.32191467285156,30.272457122802734,188.45268968737696,31.02743799299808,186.4787864459619,30.272457122802734,187.12352087688578,30.88816823835031,45155200.0,30388000.0
185.6356658935547,,187.14337102036012,,185.27857823550397,,186.89539390047275,,41781900.0,
183.54273986816406,,184.70328611762721,,182.02512109310902,,184.26684396147397,,56529500.0,
182.65994262695312,30.04523468017578,184.02878118831165,30.345760201764243,180.96378758253468,29.949945281779694,183.8204888809099,30.125861159906737,54630500.0,18315300.0
182.372314453125,31.005447387695312,182.99722170980874,31.005447387695312,179.88262933424807,29.942612324378146,182.06482521105013,30.059890502639412,65434500.0,33246400.0
180.83482360839844,31.29131317138672,183.3542794985624,31.437911595115388,180.20000281806102,30.82953191142009,181.9358425720657,30.851520696333065,49752500.0,37268900.0
,31.445240020751953,,31.474557465763635,,31.19602356329404,,31.342619176748734,,12826700.0
180.09091186523438,31.115398406982422,180.95386745060242,31.38660368304459,178.54353696650966,30.85885045729553,180.31904659124555,31.349954774841454,53665600.0,42375400.0
180.8447723388672,31.159378051757812,181.41015233649017,31.313307950265624,179.1982005294332,30.880844093973995,180.4678422502364,31.115400477440712,41371400.0,20873800.0
182.87815856933594,30.924816131591797,183.46339606563654,31.28398210229567,180.98362490692526,30.638950765180624,181.99536064224762,31.276650643800323,52292200.0,32162800.0
181.04315185546875,30.712255477905273,183.54275049121756,30.961471973574294,180.75548990166286,30.49968789121912,183.51299444569602,30.88817135947604,45119700.0,43924500.0
179.69415283203125,31.29131317138672,181.28119739799624,31.320633415358923,179.18826979539264,30.660944702778448,180.7654158601022,30.712253731663626,40867400.0,25885700.0
181.1522674560547,31.247339248657227,182.43182285515786,31.38660622958149,178.10710087323727,31.06409189664139,179.63464855081253,31.298648283531044,54318900.0,27678100.0
179.95204162597656,29.634763717651367,181.6382830805114,31.474566008743995,178.67248629654023,29.194971165652458,181.03321827875988,31.16671178157133,48953900.0,112322000.0
179.28746032714844,29.42219352722168,181.09274105155225,30.22848353006475,178.07733075339527,29.20962593406129,179.80325698202418,29.752039310378727,136682600.0,61899800.0
178.20631408691406,29.45151138305664,179.06926978070987,29.942612890011535,175.94476354534044,29.422191138904363,178.0972035285344,29.576118226505237,73563100.0,31248500.0
173.6831817626953,29.378215789794922,175.46860492728393,29.869317333876985,172.38376893378626,29.334235420241605,174.7246735635979,29.51748276584821,81510100.0,21988000.0
168.7434844970703,29.290252685546875,170.64794717373948,29.59077819622945,168.24753020204216,29.033707540866278,169.37830538929336,29.392870743419117,95132400.0,30293300.0
167.75155639648438,29.935287475585938,169.85441265484894,29.93528747558594,167.31511424596866,29.400205544336096,169.67586125903696,29.46617470277143,68587700.0,45481000.0
167.63253784179688,29.605438232421875,169.34853532264208,30.008581799808223,167.12666995146384,29.524808959718136,167.78131806385875,29.78868556270043,71765100.0,50199800.0
169.34852600097656,26.90070915222168,172.29449531822434,27.164585760188103,167.57301652903823,25.727924538607837,167.6325286145872,26.314318243480965,76267000.0,230369800.0
171.35220336914062,26.131071090698242,172.96901916174485,27.663018923216544,170.65787040570808,25.87452314400656,171.54066841678448,26.1457284169024,60139500.0,127528700.0
171.8282928466797,26.988662719726562,172.62182261661565,27.289188186555947,169.62625492438514,26.504889948827266,171.74893835615396,26.644156893312896,59825400.0,76139100.0
169.7453155517578,26.66615104675293,171.78864474969012,27.362491428701862,169.37829909505535,26.614842020348167,171.37204497358655,27.047305811568474,52488700.0,45140600.0
171.60018920898438,26.548871994018555,172.8995870640017,27.06196224108522,170.65787905831203,26.49756296931189,171.5109210667292,26.930026746219603,72913500.0,39983400.0
171.22325134277344,26.622177124023438,171.22325134277344,26.71746653731518,168.91210257419098,26.343640344626838,169.7849869531436,26.6075169991991,121752700.0,59362500.0
172.3143310546875,26.63683319091797,176.2720510790249,26.915369927881503,172.1159523987632,26.02112202275949,174.14936767646017,26.68814222192014,75604200.0,35326100.0
174.65525817871094,26.438922882080078,175.18096849600929,27.01065362087756,171.62993409357304,26.065099582743,172.92933186407737,26.67347922600377,55215200.0,48540800.0
177.2242889404297,26.90070915222168,177.2242889404297,26.93002939669182,173.67325471299228,26.24834909148936,174.29816190798687,26.55620327002858,53423100.0,39017900.0
169.98336791992188,26.167720794677734,176.05385870042272,27.164586774838032,169.45765758517675,26.15306067189508,175.61741650508932,27.01065688368643,106181300.0,47220200.0
170.88600158691406,26.424266815185547,171.64977539848843,26.548876464837473,168.68396342338923,25.969814178625967,170.37020490965267,26.3143200849272,71160100.0,34426800.0
169.46759033203125,26.827409744262695,170.54876707334867,26.995999759461093,168.0789092110998,26.504895429023552,169.18985713490977,26.51955555191613,54288300.0,26951500.0
168.33680725097656,26.578195571899414,170.0329624014482,26.878721127150104,168.20785429573576,26.51222641117937,168.6244540719099,26.878721127150104,57388400.0,24837800.0
171.90765380859375,26.790761947631836,172.19531573949365,26.87139122882303,168.7335497446837,26.475576282684063,169.03112531152695,26.59285447456235,60273300.0,19995700.0
170.09246826171875,27.384485244750977,170.83639964948821,27.50176344038905,169.13031578937776,26.732125106755902,170.36028779920613,26.754113894646558,65672700.0,31958200.0
168.65420532226562,27.597055435180664,169.86433493378763,27.641033015084588,168.1086526063626,27.274538269842523,169.80482284392966,27.48710589315484,46240500.0,23697800.0
167.47381591796875,28.30805015563965,167.96977013364764,28.33004173925112,166.86875116942764,27.68501027725758,167.71187939021036,27.721659188433108,49329500.0,45930700.0
168.2772674560547,28.16145133972168,169.29893197888933,28.593915196551382,167.21593325359058,28.014855696972074,167.4242255584593,28.3666902726099,47691700.0,31437200.0
167.45401000976562,27.838932037353516,170.52891745806397,28.938415938336508,167.45401000976562,27.43578849955285,168.91210166538218,28.19809800863944,53704400.0,165566800.0
168.2078399658203,27.926895141601562,169.01128340394683,28.271401055845008,167.58293278713433,27.245214772980482,168.217753601793,27.780299497877493,42104800.0,65469200.0
167.08697509765625,28.31537628173828,167.83090643391947,28.63056189151462,166.87868279928273,27.65568482031521,167.66228381393842,27.875581042078846,37425500.0,36384400.0
168.29710388183594,28.38867950439453,168.70378997636425,28.689205050550036,166.98779260608748,27.897577942000314,167.33495148030394,28.513289158042408,42373800.0,36989300.0
166.4224090576172,29.0190486907959,167.72180678766216,29.121666753165975,165.75783217031642,28.33736836661467,167.43415997850798,28.388677397799707,49709300.0,55821500.0
173.62367248535156,28.806482315063477,174.04028741115994,29.143656761604205,166.79935169580833,28.733184494905096,166.97788797659143,29.02637857167123,91070300.0,33195300.0
175.12144470214844,28.542604446411133,176.91679662448954,29.35622307696775,172.80038249764078,28.366688567234423,172.8499658132502,29.114338044066653,101670900.0,39613500.0
171.2926788330078,28.813812255859375,175.20080068867838,28.916430317124714,171.10421379905583,28.315379275885615,173.94107267383276,28.542604184078165,73531800.0,28692000.0
168.00946044921875,28.94575309753418,172.354009228837,29.107008866733498,166.9084414489389,28.54993814415523,170.36027866522625,28.59391571933109,73711200.0,37303000.0
166.640625,29.158313751220703,169.26917642354965,29.28292338745729,166.640625,28.835799462598757,168.2375982616629,28.94574897715267,50901200.0,39221700.0
165.6884002685547,29.209625244140625,167.27546002889196,29.752038607646455,165.20237475763562,29.06302960720679,166.67039519798726,29.319574767973542,43122900.0,45078800.0
163.6649169921875,29.708059310913086,165.05358296102196,30.10387425563567,162.75236290762146,29.20229763452266,164.86513304300607,29.35622473653723,68149400.0,80546900.0
164.4980926513672,30.41905975341797,165.9066008250168,30.48502891051165,163.4367584871004,29.70073048513823,164.18068981978783,29.87664637329963,48116400.0,51775500.0
165.5495147705078,30.36041831970215,165.69831011966792,30.514348212242062,163.58554027123327,30.023243881057663,164.01206877643943,30.345760992919818,49537800.0,35456900.0
167.65237426757812,30.22115135192871,167.93010742906517,30.778224838269196,164.86511388137603,30.206491229011064,165.19243035823263,30.455707726346006,48251800.0,45388300.0
168.51535034179688,30.94681167602539,169.22952573993217,31.137387679339792,166.7894239404159,30.111204252950888,168.15826264272923,30.345760624475925,50558300.0,66372400.0
167.93011474609375,31.383869171142578,169.95360145871248,31.481823952520976,167.81107543218243,30.946829533256054,168.50542350147623,31.11260358547904,44838400.0,31899100.0
172.0961151123047,31.760623931884766,174.60564226594082,31.760623931884766,171.69935778865286,31.13520578088616,171.96716217122307,31.255767935070068,68169400.0,27886000.0
168.95176696777344,31.662668228149414,173.5740639461448,31.805834896777544,168.62443536523762,31.36126138696226,171.92749229774822,31.647597598647188,65934800.0,36635400.0
167.93011474609375,,171.31252641733016,,167.74164970644674,,168.20784791968214,,50383100.0,
171.62991333007812,31.783227920532227,172.01675700988142,31.933931329417813,169.50722990892024,31.527032987755266,171.1141167118999,31.835973682477917,94214900.0,33244700.0
181.89617919921875,31.3789119720459,185.48688300008854,32.00822022026666,181.1820038934194,31.03279318571909,185.13970898312533,32.00822022026666,163224100.0,45114200.0
180.23971557617188,31.591304779052734,182.70955826534143,31.74863259484132,178.9601450261929,31.24518598494064,180.8745364649345,31.36317959619821,78569700.0,22977200.0
180.92408752441406,31.976757049560547,183.4038585438568,31.976757049560547,179.85283976309742,31.46544241008529,181.96559437964424,31.583439019434483,77305800.0,23808600.0
181.26136779785156,32.464473724365234,181.58869942461462,32.51167297285144,179.9817973354757,31.709303753258187,181.3704783401059,31.74076691813694,45057100.0,25352000.0
183.07656860351562,32.77912902832031,183.16583674066726,32.91285874278532,180.63646690744054,32.20488496215636,181.0828227285221,32.29928346675953,48983000.0,27206400.0
181.81512451171875,32.708335876464844,183.84135574437508,33.1095190333324,180.9013327671207,32.64540353770495,183.6526350835399,32.912859975876344,50759500.0,27968700.0
185.02334594726562,32.73979568481445,185.837821467034,33.01512013746243,183.37454074079744,32.653265228290195,184.1890162605658,32.834194183265694,72044800.0,18394300.0
186.1655731201172,32.149818420410156,187.029714327999,32.488072202974784,185.0332642686859,31.59130747739554,186.24503525163803,32.063287964296585,52393600.0,53613200.0
188.44012451171875,30.20682716369629,189.36384333151435,30.529347841711704,186.1059718662387,29.498853479868036,186.6423374407049,29.577515888836263,70400000.0,131281100.0
188.55931091308594,29.325796127319336,189.81082048816586,30.403489865400783,188.3805324914181,29.294332960392463,189.1850657006259,30.12816539914349,52845200.0,83168500.0
188.58912658691406,28.861679077148438,189.52278774440742,29.435923102852833,187.903778922122,28.720084330998997,188.23155455119007,29.380858812770136,41282900.0,67207900.0
189.75120544433594,28.90888023376465,190.62527366658756,29.29433329055758,187.73490137733788,28.8144847303623,188.052749878466,28.893147149734432,44361300.0,40400400.0
191.05238342285156,28.85381507873535,191.42980957851574,29.176335789779877,189.6320225414164,28.76728461954165,189.80087387660714,28.940345537929055,42309400.0,27967400.0
189.61216735839844,29.247133255004883,191.51922822288097,29.467390423969842,188.9864276944718,28.64142303957237,190.97293553544338,28.712220415422376,34648500.0,36528800.0
185.61929321289062,28.956077575683594,189.7114944206788,29.6640483056663,185.370979738518,28.767283580554288,189.69162509909052,29.451656186437862,51005900.0,47987800.0
188.6983642578125,28.798749923706055,189.2943226367172,29.254997330175645,186.771449342652,28.767283757527803,187.54620129756856,29.160601832419655,36327000.0,23684700.0
,29.113401412963867,,29.16846870195181,,28.861678095213186,,28.885279219287636,,13623300.0
188.7083282470703,29.734844207763672,191.69801725699202,30.120297220060767,187.82433281517635,29.4280566065367,190.21806337750198,29.451654729468434,52280100.0,46437700.0
189.00628662109375,29.695518493652344,190.95307102285372,29.829245216031218,188.23154975607,29.451660175410726,188.33088121296123,29.664052323405848,53068000.0,29246800.0
189.99952697753906,,190.88352231957748,,189.34399093884022,,189.47310363654154,,49889100.0,
190.9530487060547,30.51361656188965,191.2708972062775,30.59227897550366,188.62883838261533,29.813510878077267,190.14851552916033,29.83710900200572,75158300.0,53929400.0
192.72103881835938,30.34842300415039,193.67456916074488,30.62374444633042,191.22123099586668,30.238291426499718,191.5986571441052,30.54508203450146,50080500.0,43454500.0
193.03890991210938,30.010169982910156,194.00236744942592,30.23042714216627,191.72780743235197,29.656183119263726,193.3269468870457,30.206829018182752,47471400.0,34090200.0
194.5486297607422,30.049503326416016,195.5716800296083,30.23042929163772,193.55537589536917,29.94723978058498,194.08179923154876,30.09669957773884,54156800.0,18627100.0
193.16799926757812,30.191099166870117,195.17437623382352,30.458555603500074,192.8600930073616,30.104568701963508,194.36984306207057,30.112433743873627,41181800.0,25944100.0
195.56175231933594,29.058340072631836,195.6114180436154,30.2618954960515,192.83030419832767,28.995410737199506,193.33685821193552,30.065236446559673,53103900.0,46003600.0
191.8171844482422,29.498855590820312,195.96899354752293,29.93937291459025,190.8537269722117,29.19993301394861,195.57168290202756,29.254997304322508,97010200.0,32560900.0
205.7525177001953,29.624711990356445,205.7624599378956,29.892168353550925,192.32373729563466,29.498850348898937,192.34359145933493,29.742708592063334,172373300.0,31131300.0
211.6326141357422,28.9801025390625,218.7145040828182,29.975231326351665,205.50422428227435,28.810203179682933,205.97105482418652,29.894327751296697,198134300.0,52182400.0
212.79470825195312,28.6888427734375,215.28776993558532,29.279447472608794,210.17251871917932,28.195322974962945,213.29133517221976,29.04482588644779,97862700.0,46233500.0
211.05653381347656,28.057788848876953,213.71844708080008,28.72120805565498,209.87455920751867,27.6289943359353,212.40735976944958,28.71311893247294,70122700.0,53534900.0
215.20831298828125,28.162965774536133,217.47293058672338,28.421860922414847,211.28496325493592,27.726079055138197,211.93057220447776,27.83934529655093,93728300.0,40941800.0
212.8443603515625,29.044824600219727,217.15509356895643,29.238994393014544,211.56306955662498,28.171051273823426,216.12210108008887,28.22768438724468,79943300.0,36180700.0
,29.06909942626953,,29.22281745921546,,28.777841606983632,,29.044828970086932,,20776200.0
208.2654571533203,29.530254364013672,212.79470737847507,29.845782615469247,207.44106980621038,29.287540561838114,212.48678595825902,29.303721893486276,86172500.0,39442900.0
206.0902557373047,29.68397331237793,210.4605668046439,29.90241666704059,205.71281440805072,29.4331703796817,208.9706859649803,29.570707073576596,241805100.0,43340200.0
206.73587036132812,29.983325958251953,211.2651058128792,29.983325958251953,205.19632375372012,29.514076543452177,206.3187055335118,29.805334375221168,80727000.0,24599400.0
207.65960693359375,29.959049224853516,209.95402109263304,30.031863675042814,207.20270345608853,29.740605874285617,207.73905391104032,29.975230556703746,55549700.0,18572600.0
211.8114013671875,30.00759506225586,213.41054080672134,30.031865518384176,209.2190079939271,29.700155910777962,210.07320698316605,29.772970365436578,66213200.0,25553200.0
212.65567016601562,30.50920295715332,214.28460598729217,30.711464981138068,210.91747580739147,30.19367469354089,213.24168634094727,30.347392720710815,49772700.0,37731000.0
209.19912719726562,30.78428077697754,214.6123729638464,30.88136568857144,208.8812938369491,30.509204288900072,214.31439376890182,30.582018744163925,82542700.0,22019700.0
215.28778076171875,31.25353240966797,216.0426482623776,31.3587064521357,210.4903626519942,30.88946010731145,210.65921399467373,30.994637236053094,60402900.0,24963500.0
218.78402709960938,31.156442642211914,218.89328562800327,31.633781170235746,213.6489065767971,31.099809519079745,214.6918109818244,31.415340887453794,58046200.0,33346200.0
220.0553741455078,30.614377975463867,220.0553741455078,31.382974231180807,217.55237042000067,30.549652650813734,218.51582778223576,31.31015978408608,37369800.0,38509400.0
,30.193674087524414,,30.711464364729036,,30.031863854329593,,30.662923455162037,,32698800.0
224.8130645751953,30.355487823486328,224.92232310094593,30.460664950140536,220.1547017635972,30.02377819598353,220.1547017635972,30.29885469827418,60412400.0,32758800.0
226.28309631347656,31.099802017211914,226.31289271610447,31.164527334477835,221.743919005718,30.169398728561802,225.55801010059582,30.323116727658867,59085900.0,48845900.0
227.1372833251953,31.091716766357422,227.85242731023644,31.310160109914833,224.84286935479298,30.962269201983403,226.3923429370984,31.107898097688345,48076100.0,34832500.0
231.4082794189453,30.800464630126953,231.50761086701095,31.196899604839373,227.70344677503346,30.727650168905242,227.75311249906628,31.14026647791959,62627700.0,32899700.0
226.03477478027344,31.010814666748047,230.82225022030326,31.107899573064728,224.2469149072093,30.832823099939525,229.82899641925098,30.87327488704868,64710600.0,17229400.0
228.9847412109375,30.865190505981445,231.07058040656065,31.156445269677203,227.13728840093884,30.857098295552284,227.37567478656334,31.091723017613923,53046500.0,15779100.0
232.81871032714844,31.148353576660156,235.62962070976812,31.33443427962242,231.5175501306247,30.905639750460413,234.88468027763452,30.986543330435744,62631300.0,22969200.0
233.23590087890625,31.067447662353516,234.67611608181264,31.148351236249955,230.76269307600518,30.832822977270926,233.41467931591345,31.026992789131786,43234300.0,19637000.0
227.33595275878906,31.22925567626953,229.8985495862513,31.302070129305193,225.11105861290636,31.01890452654073,227.90209958898402,31.09171897957639,57345900.0,24606100.0
222.6676483154297,31.172622680664062,228.88542732552744,31.27779979908684,220.7705449165008,31.026993774009025,228.7265030667722,31.14835222497943,66034600.0,21315500.0
222.79678344726562,31.302066802978516,225.2699911539264,31.366792126031527,221.77373312637206,31.05935301407625,223.30335264411235,31.14834879013751,49151500.0,30593100.0
222.44915771484375,30.679101943969727,226.24337986146955,31.221165766527243,221.58501648633228,30.646742366093108,225.47857008869346,31.221165766527243,48201800.0,25807800.0
223.49205017089844,30.282669067382812,225.40903804109774,30.743826213686233,221.17776681088287,30.282669067382812,222.8563682936816,30.679100887614602,39960300.0,25284700.0
217.06568908691406,30.5253849029541,223.28346786979841,30.743828263600943,215.66521268088363,30.33930420750093,222.48886176091068,30.46875178200199,61777600.0,23863800.0
216.02279663085938,30.48493003845215,219.36013034825794,30.541563153689577,213.17214762576046,30.153220469372943,217.45306951901438,30.387845138941316,51391200.0,19562600.0
216.4896240234375,30.452571868896484,218.0093012590926,30.84900682031399,214.55276681781487,30.27458028830817,217.22462220056258,30.47684232578625,41601300.0,32043200.0
216.7677459716797,29.837696075439453,217.82059272630025,30.517296632119187,214.294538197557,29.465531587865197,215.49638213713573,30.34739417824397,36311800.0,39790000.0
217.32395935058594,29.651611328125,218.84363662609175,29.748696226894367,214.6620309808042,29.441257113472528,217.71132777069818,29.5383420122419,41643800.0,16040700.0
220.58181762695312,30.266489028930664,222.31008478832948,30.266489028930664,219.14160257039833,29.90241676990713,219.94613576688096,29.975231221711837,50036300.0,28561100.0
216.8869171142578,29.805330276489258,222.96562598955987,30.60628920370872,215.5559605569344,29.7648784912561,222.85636745689294,30.541563878316957,62501000.0,29756300.0
218.37681579589844,28.90728759765625,224.07809897050203,29.77296879843894,216.24132584869807,28.90728759765625,217.67159881719564,29.70824655674531,105568600.0,36483900.0
207.85826110839844,28.883014678955078,212.0597211288106,28.883014678955078,194.67777677399005,27.99306001296507,197.74692788266515,28.154870232806275,119548600.0,44765900.0
205.83200073242188,29.384626388549805,208.5733911865651,29.659702862663014,199.7135682482994,28.59175963052315,203.91502798694503,28.802110776010412,69660500.0,36009000.0
208.404541015625,29.344175338745117,212.19876304064402,29.73251806143966,204.99767225034321,29.125731978553134,205.5042262843129,29.692066273168614,63516400.0,25020500.0
211.87098693847656,29.813419342041016,212.7549823030523,29.894325998626076,207.42121371107248,29.255177299834312,211.67233918968967,29.408895317935855,47161100.0,29870300.0
214.78123474121094,29.538345336914062,215.31758519349225,29.894328482924717,210.5400362270979,28.78593342892253,210.66916408754707,29.23090927516221,42201600.0,66082100.0
216.3126220703125,30.209854125976562,218.281537024183,30.590107694762054,214.39343033300037,29.772967440938768,214.86080125653766,29.772967440938768,38028100.0,39655100.0
220.03167724609375,30.023775100708008,220.64820259017597,30.44448047767873,217.7843155173404,29.910508861960803,217.7843155173404,30.36357381694963,44155300.0,28557200.0
220.4791717529297,30.54965591430664,221.78183806687042,30.743828822726382,218.4704721927748,30.0642282726678,219.33561365974072,30.088498728867638,41960600.0,37955500.0
223.4623565673828,31.01889991760254,224.0888356302054,31.196891462192557,221.51331902381992,30.74382347881485,223.34303300242357,30.784275260874452,46414000.0,33409000.0
224.78494262695312,31.148353576660156,225.56057624113714,31.36679694612205,222.39836482120643,30.76809996097385,222.6668580486994,30.881366207448814,44340200.0,35472700.0
224.62582397460938,31.099802017211914,224.72527040192085,31.382970650840818,221.791767703572,31.067442444851952,224.4567771868955,31.22924956547076,40687800.0,28138200.0
225.2423553466797,30.978450775146484,225.89866536829538,31.293979022879224,224.18828995199718,30.654830318548424,224.50650638916653,31.148350126037435,30299000.0,27322600.0
225.13296508789062,30.792369842529297,226.70412456960102,31.38297454768815,223.7905293550798,30.69528185457493,225.25230383574092,31.293978768533336,34765500.0,38491900.0
223.2734375,30.886558532714844,227.06211276120644,31.036331973493226,222.6469583809866,30.670220881650284,226.51518775043243,31.019690127394785,43695300.0,26334300.0
225.5705108642578,30.69518280029297,226.9427926991927,31.227709191791018,223.07456326985692,30.69518280029297,224.39712188969804,31.094577593916508,38677300.0,29239000.0
225.90858459472656,32.92514419555664,226.00803101617393,32.9584278933542,222.6370036872603,31.37748716315947,225.490936936756,31.502299442846258,30602200.0,102270300.0
226.75384521484375,32.48414611816406,227.5692634267734,32.75872868810953,223.63141860700006,32.40925938561383,224.73520717839608,32.658880769411915,35934600.0,35073100.0
225.22247314453125,32.950103759765625,228.57360836626125,33.1664446106915,224.41699349604747,32.26780385904489,226.64446298605537,32.40093546957313,38052200.0,43284500.0
228.50399780273438,32.72544479370117,231.61648594304322,33.14148144854645,227.5991020536236,32.68383858893042,228.8122756660522,32.99170799887353,51906300.0,25356600.0
227.71841430664062,32.75872802734375,229.11057321557684,32.99171073174957,226.2069166530855,32.351013849322634,228.90175696593346,32.633918925016246,52990800.0,84437200.0
,32.450862884521484,,32.78369351708292,,32.359334301861686,,32.725448632500886,,15288400.0
221.52328491210938,32.059783935546875,227.71841483123856,32.3010859596184,219.9322331496077,31.93497484227761,227.27093626472063,32.2761247757861,50190600.0,35866300.0
219.61402893066406,32.0681037902832,220.53881694406624,32.384289339664456,216.2628786668988,32.05146194440405,220.41949337418052,32.23451907496718,43840200.0,28851300.0
221.13546752929688,31.868404388427734,224.2181094473344,32.35932772593295,220.28027986462445,31.868404388427734,220.38966486266608,32.15963192626396,36615400.0,26206600.0
219.58419799804688,31.244352340698242,223.97945984429646,31.993219593775923,218.54007124155592,31.177788126040113,222.69667077468378,31.926652205009997,48423000.0,32971700.0
219.6737060546875,31.585500717163086,220.03169196273555,31.826802728392945,215.49721390972365,31.294276340925425,219.58421337102425,31.485652813039835,67180000.0,30521800.0
218.87814331054688,31.061298370361328,220.24047117735444,31.552218579033696,215.5170548044402,30.786712652858682,217.6948007809582,31.552218579033696,51591000.0,37263500.0
221.41390991210938,31.02801513671875,221.84149617822106,31.477335495245416,216.6706004766808,30.67854268871762,220.22062862304543,31.419087442155355,44587100.0,32907000.0
221.52328491210938,30.678543090820312,222.29891847364556,31.052976727833556,218.5897974500539,30.578695178986077,221.25479170284098,31.02801554340197,37455600.0,22103300.0
221.25479125976562,30.537092208862305,222.78616606005667,31.244353278127445,220.66809680320824,30.445563633616906,222.32874892129448,30.878242151253758,36766600.0,34729600.0
215.10939025878906,30.961450576782227,216.00434741371936,31.385809789990116,212.72281255665072,30.919847541436468,215.32814508742544,30.98641493727619,59357400.0,22614800.0
215.5767364501953,30.819997787475586,215.6861214463737,30.944806886084617,213.2995590231644,30.537092720210662,214.54256344637628,30.928165038115157,45519300.0,23443700.0
219.45492553710938,30.079452514648438,221.46362499015893,30.728468704220333,216.322545198334,30.079452514648438,216.33249894497217,30.71182685652517,59894900.0,38777000.0
227.58914184570312,30.179298400878906,228.53383738270648,30.60365437924238,223.37288038958053,30.11273101456669,223.7308662842885,30.42891975133434,66781300.0,25059700.0
226.9228973388672,30.170976638793945,231.7855303113645,30.287469567729413,226.34614143297367,30.01288385354317,228.6829959505254,30.179299149343215,318679900.0,48336200.0
225.2025604248047,30.478843688964844,228.16587858738447,30.75342620780024,224.54625047736963,30.137693787316312,226.06768660880982,30.279144714632952,54146000.0,28218500.0
226.09754943847656,30.60365104675293,228.06647955891447,31.04465199778071,224.466728085426,30.553728686562593,227.3703848763016,30.978084618717144,43556100.0,35104100.0
225.10311889648438,30.828317642211914,226.01796830972677,31.1445064107266,222.76627973963284,30.75343091214549,223.6711754067507,30.86992067578037,42308700.0,38655300.0
226.2467041015625,30.162656784057617,227.22121534991766,30.720144365184364,224.14851196557498,29.92967727840557,226.02793410267134,30.720144365184364,36636700.0,58048200.0
226.51516723632812,30.046165466308594,228.2354962210898,30.270825623960896,226.02791923090672,29.896392027873723,227.18143093581907,30.270825623960896,34026000.0,34537400.0
231.69602966308594,29.96295738220215,231.69602966308594,30.18761754844021,228.3647716650959,29.888070660122793,228.75258844686658,30.087769643703627,54541900.0,21146300.0
224.9440460205078,30.761751174926758,228.364781673884,31.21939085894661,222.48786790384585,29.813188112821816,228.23551952322458,29.962958387899857,63285000.0,49748200.0
225.5108184814453,31.18610954284668,226.09751288913097,31.56054319436206,221.77186688392146,31.077939115940456,224.6257999970642,31.41076973375591,32880600.0,32014500.0
224.4070587158203,31.568859100341797,225.5406782135141,31.652068332805925,222.07021935855937,30.96144598683817,223.8800260213992,31.15282246034416,34044200.0,31033000.0
225.53074645996094,31.485652923583984,226.72402778202942,31.785199811113063,222.87569058700512,31.344198815980736,226.62458134960903,31.74359678209128,37245100.0,22526800.0
220.44932556152344,31.926654815673828,224.4269397639463,31.934977327004006,220.09133967636964,31.53558248407306,223.24359711098245,31.65207224983108,39505400.0,36418000.0
224.50650024414062,31.28595733642578,224.71531649859696,31.41076961114638,222.00059897690352,31.161148235813176,223.0447257693685,31.17779008404979,31855700.0,34142000.0
228.2554168701172,30.96976661682129,228.46424832180904,31.219387950842677,223.57178397616042,30.795028826309593,223.9695393837496,31.094575696778247,33591100.0,30789800.0
227.7581787109375,31.327566146850586,228.21561101279016,31.402452883083143,225.89864895817115,31.05298038929513,226.50523572074002,31.119547787772184,28183500.0,20630100.0
226.27655029296875,31.30259895324707,228.1261416619367,31.32756331247143,226.06771885321956,31.052977579759276,228.01675665509578,31.285957105133487,31759200.0,16343000.0
230.00555419921875,31.37748146057129,230.43314046117197,31.535577409323054,227.32066753158787,31.077934583049576,227.4200987868959,31.17778565829518,39882100.0,22279000.0
232.54127502441406,31.11954116821289,236.16090332060597,31.127860504198754,231.0695468532438,30.83663613307977,232.30261271123658,30.961445217513226,64751400.0,28204600.0
230.48284912109375,30.961450576782227,230.8209426799016,31.269320021378736,228.55370384388218,30.9448087278223,230.30386376880503,31.244355660884775,34082200.0,23041200.0
230.85079956054688,30.728469848632812,232.54129789168553,30.961449376826106,229.22993194101554,30.52877084296141,232.12363500920497,30.961449376826106,32993800.0,22174300.0
233.68482971191406,30.6452579498291,234.8582185948981,30.84495374339335,232.7003647541102,30.29578554993055,234.8582185948981,30.770067027279907,46431500.0,32000800.0
235.1565399169922,30.162656784057617,235.52447953691794,30.828314781711832,233.13790198735873,30.121053754349425,233.13790198735873,30.786711752003637,36254500.0,28390000.0
234.54002380371094,30.046165466308594,234.89800969153723,30.204258240608713,231.29827366695753,29.94631756538786,232.5810475805218,30.12105218552603,38846600.0,29144300.0
229.46856689453125,29.671733856201172,233.82405947286142,29.904713365312446,226.4853561254601,29.596847131971444,232.76999409553275,29.879752181938454,52287000.0,30769100.0
229.27964782714844,29.871435165405273,229.52824872985036,29.97960241783161,227.13173238618916,29.588530093467163,228.69293816499177,29.829828957740375,31109500.0,23058900.0
230.1149444580078,30.079452514648438,231.91481257552053,30.362357577250425,228.2852454458818,29.829827973328882,228.4542922398222,29.921356548598336,38802300.0,32585900.0
232.0937957763672,30.02952766418457,233.4163543943246,30.062811360342575,231.24856181455635,29.40547264470784,232.0142568404043,29.530284918246373,36087100.0,27507100.0
232.36228942871094,29.96295738220215,233.01859945208068,30.304107299650834,231.01985366097637,29.78822275538621,231.7954872619061,30.229223751679143,35417200.0,26090200.0
228.812255859375,29.8298282623291,232.1633908639167,30.26250678427158,228.26533088908346,29.8298282623291,231.30820323038637,30.05448844722854,47070900.0,26144700.0
224.6457061767578,29.87975311279297,228.5437662121666,29.99624287097765,224.10871977089283,29.646773596423603,228.05650301771783,29.846469417852244,64370100.0,25597000.0
221.66250610351562,29.472036361694336,224.08885327131992,30.262506674409842,219.03728125399175,29.37218844902637,219.73336072670745,30.121055729305887,65276700.0,30605300.0
220.76751708984375,29.538604736328125,221.54315061130296,29.91303838893417,218.4804011628397,29.438756820335854,219.75323643771605,29.871435355113057,44944500.0,24003600.0
222.199462890625,29.447072982788086,222.69666464924057,29.621807610463545,219.90239319356397,29.147526092997193,220.558703156551,29.53860155179171,28111300.0,23990600.0
221.4735565185547,29.45539665222168,224.80481443000403,29.50531901974621,219.95212032394844,29.155849750643295,221.36417152277414,29.164169087194782,54561100.0,28440800.0
226.20692443847656,29.54692268371582,226.6046949785728,29.863111439278835,223.31322152292373,29.34722686112393,223.37288331058951,29.53028401025639,42137700.0,34081200.0
225.93814086914062,30.104412078857422,227.63048374280507,30.22090183234596,225.39061415381417,29.571885677705414,226.1471868576639,29.829826367827824,38328800.0,49865100.0
223.22042846679688,30.162656784057617,224.68381119249955,30.304107719887018,220.50272420052974,29.871432401992557,223.98696589218596,29.94631912511039,42005600.0,21446300.0
223.22042846679688,30.728469848632812,224.5743058460154,30.878243309359362,222.354350392842,30.237546432719796,223.53899499841924,30.254188281034747,40398300.0,39412300.0
224.10643005371094,30.686866760253906,225.629540269826,30.8449595578024,221.75705495073464,30.39563917642288,223.00142703514817,30.745111642198513,48566200.0,34090000.0
227.1924591064453,31.011371612548828,227.83952645793332,31.061297152166127,223.98695568104733,30.67022169376645,224.00686988588794,30.720144059276077,44923900.0,30262100.0
223.9869384765625,,225.89829186208544,,223.2602295516183,,225.3806289066043,,47923700.0,
226.9933624267578,31.785202026367188,228.70561947942855,31.86840809020976,224.1561882479486,30.953128691509974,224.23582987715278,30.953128691509974,44633700.0,39004100.0
227.252197265625,31.452373504638672,229.123737666772,31.868410199605076,225.63949596937007,31.3275644006136,225.95804731142948,31.7019948867969,36211800.0,26002700.0
227.9689483642578,,228.89475383274825,,224.8729502483013,,227.0331781982001,,35169600.0,
227.49110412597656,31.543899536132812,229.12371949855563,31.726956682838647,224.69375844400457,31.244352632107926,227.8494838511811,31.5938250781729,42108300.0,36048400.0
228.8350372314453,32.800331115722656,229.6812162999479,33.141484248663204,227.03318893672346,32.00986394401646,227.03318893672346,32.20955977771409,38168300.0,85234900.0
231.82151794433594,32.60063171386719,232.19981188776785,33.16644180426233,228.70562083004268,32.57567053091401,230.41787789282506,32.767047006473,90152800.0,41119500.0
234.0016632080078,32.55903244018555,234.50937670519198,32.87521804109264,232.27945661483375,32.50078755717066,232.27945661483375,32.750408937821334,45986200.0,35188200.0
233.8722686767578,32.44253921508789,234.62885665464324,32.75040544592833,232.75731610735548,32.24284022739469,233.41434823864878,32.61727384550211,33498400.0,30600700.0
,32.10970687866211,,32.70047812500548,,31.934972257761824,,32.292764009571485,,33113500.0
236.26145935058594,32.367652893066406,236.73929396987336,32.6339160972225,232.91658663539664,31.959935576266766,233.75280101667178,32.0348223008174,28481400.0,44011700.0
238.51126098632812,32.57566833496094,239.70585504150458,32.783686643168586,236.0922091638524,32.25947961773521,236.20171450499868,32.36765002675329,48137100.0,31711800.0
241.5574951171875,32.86689758300781,241.66700046466846,32.86689758300781,237.82437898500294,32.51742829683626,238.73028547870095,32.78369151699781,38861000.0,22536200.0
241.91587829589844,32.658878326416016,243.01093178619982,33.1664435674991,240.16380790150487,32.434218145570654,241.7765092325954,32.86689665970529,44383900.0,31584400.0
241.94573974609375,32.9833869934082,243.43898620611924,33.12484111304662,241.03984843814553,32.62559519998552,242.8914746561807,32.77536865649306,40033900.0,25214200.0
241.74664306640625,32.47582244873047,243.5285923470879,33.033313254305774,240.99007032901886,32.417577567058004,241.81633519239523,32.98338770968309,36870600.0,31118500.0
245.6390380859375,33.31622314453125,246.12683738886614,33.42439041236389,240.6615499788263,32.75041292006644,240.74119161135067,32.767054770681106,44649200.0,28548700.0
246.65443420410156,33.4410285949707,247.09245556004478,33.640727606334075,244.23536723926503,33.37446437392165,245.7783914922151,33.53255717625775,36914800.0,21837600.0
245.3802032470703,33.77385330200195,249.67079537394437,33.91530423075249,245.15122786747497,33.241326930528686,246.8435859006099,33.5741543256457,45205800.0,46900900.0
246.84359741210938,33.169761657714844,247.62008434324935,33.64559221412114,244.57384885559844,32.97942811504175,245.77840766369866,33.498518694983886,32777500.0,38310600.0
247.01283264160156,32.96212387084961,248.16759835190283,33.50716780989562,245.13134272203925,32.80639703112218,246.70423080565516,33.39469769225329,33155300.0,23235400.0
249.9097137451172,32.823699951171875,250.2481944775453,33.100546929231136,246.53497744922532,32.728536483938505,246.87345818165343,33.03998685904794,51694800.0,21349400.0
252.33872985839844,33.13515090942383,252.68716009783537,33.29953105810704,248.655391740455,32.72853380014795,248.95404406138837,32.82369725957777,51356400.0,39617200.0
246.9331817626953,32.27865982055664,253.13512753347695,33.22167088554487,246.62457993830327,32.27865982055664,251.02467749046986,33.117850791953906,56774100.0,58126400.0
248.6653594970703,32.148887634277344,250.86541605964533,32.81505174344405,245.97751879159193,31.993160787964268,246.38567648715164,32.58146147397444,60882300.0,43268400.0
253.3441925048828,31.88068962097168,253.8518908180873,32.313263446495185,244.58381048961357,31.75956947786932,246.92322076153135,32.14888658089575,147495300.0,59277400.0
254.1206817626953,31.889341354370117,254.49896052911285,32.053718211767205,252.30886880268173,31.76822121731161,253.62293295259332,32.01046149142863,40858800.0,43785600.0
257.0374755859375,,257.0474099027653,,254.14055892454206,,254.3396705835317,,23234700.0,
257.853759765625,32.129066467285156,258.9289141129315,32.335654962822964,256.47003399402934,31.976368537116773,257.0275101814573,32.00331724621078,27237100.0,22920700.0
254.43922424316406,32.0302619934082,257.53523753189216,32.33565442223008,251.92061656694878,31.985352047548062,256.66912911312295,32.33565442223008,42355300.0,24167200.0
251.0644989013672,32.50631332397461,252.3586488565982,32.66799186888996,249.62103037787767,32.129065670111586,251.0943626150189,32.13804628864724,35557500.0,22355600.0
249.2925262451172,,252.13965020658335,,248.30697807727114,,251.30343580421712,,39480700.0,
242.7521209716797,33.027278900146484,247.97848391284077,33.314706668363705,240.7312618496379,32.50631392874698,247.80923593603873,32.712902423002525,55740700.0,30046800.0
242.26431274414062,32.676979064941406,243.080612931882,33.26979931132815,240.80092995907523,32.623085069302775,242.26431274414062,33.126085416034684,40244100.0,23314200.0
243.89691162109375,32.5242805480957,246.21642284830082,32.95542222634408,242.10501290585998,32.38955070099842,243.2100158477468,32.87458294752192,45045600.0,23760200.0
241.11949157714844,33.215904235839844,244.44445006993732,33.4584220687151,240.2633629937866,32.605119344096856,241.8860138278822,32.829672512343265,40856000.0,37753300.0
241.6072540283203,32.946441650390625,242.61271628247306,33.341653999368546,238.96919157849698,32.72188847852395,240.83076714912374,33.224888817012705,37628900.0,24483500.0
,33.090152740478516,,33.20692133935314,,32.96440352311009,,32.96440352311009,,11526600.0
235.7836151123047,33.17997741699219,239.0787097724967,33.7009424514168,231.95094323601768,33.14405151142576,238.9293760168756,33.45842460019255,61710900.0,40328800.0
233.34463500976562,33.29674530029297,233.61342361918983,33.709922329700724,228.68571346021633,33.2069253987381,232.47855694506205,33.50333381499685,49630700.0,22897100.0
232.22967529296875,33.07218933105469,235.05688478727922,33.350636484649,231.4233246799516,32.85662021493787,233.69305795736565,33.33267182057105,39435300.0,29173100.0
236.7989959716797,33.49435043334961,237.88409983929475,33.521295716312146,233.37448198930954,33.054224728641934,233.58354315722423,33.17099333216182,39832000.0,32512700.0
227.2322998046875,33.27878189086914,236.93840239126823,33.449444507238816,227.00333958663936,33.02728341589456,236.2813854529523,33.42249579462744,71759100.0,26733200.0
228.9445343017578,33.41351318359375,231.24413133243607,33.59315640918916,227.4512878984511,33.09913668219939,231.07489856287185,33.24285057739382,68488300.0,39941100.0
,33.49435043334961,,33.620099655720566,,33.33267188275571,,33.43147582216413,,13912800.0
221.63758850097656,33.50333023071289,223.40957304130882,33.548240176685724,218.39227174297113,32.98236868989135,222.99146586562136,33.3236870204123,98070400.0,23612200.0
222.8222198486328,33.3147087097168,223.11090745632038,33.79974438320732,218.80040121474653,33.260814714970245,218.80040121474653,33.557226546462054,64126500.0,21832200.0
222.6529998779297,33.081172943115234,226.00782197454978,33.60213448891688,221.29912251598503,32.964404341342224,223.72813912330528,33.341652002811415,60234800.0,26725700.0
221.77694702148438,32.9105110168457,224.614121166801,33.144048225125076,220.4131202139208,32.69494189918251,223.76794215782238,33.12608356091825,54697900.0,16216500.0
228.82508850097656,33.395545959472656,231.10477141655377,33.50333051600714,222.9715575076631,32.75781581256383,223.01138591977585,32.84763570527435,94863400.0,29809700.0
237.187255859375,33.35063552856445,239.1085741517517,33.67399261987911,229.77080167884077,33.12608237364141,229.81063008981926,33.59315334705044,75707600.0,27621700.0
238.28231811523438,33.144046783447266,238.78006694024197,33.53027848107057,232.95639961161774,33.0182941394694,233.06590496072297,33.413509882010004,45486100.0,18204400.0
236.520263671875,33.584171295166016,239.70585285329432,33.69195585653112,236.14198492507634,33.054225681040876,237.59540286874542,33.26979823018052,55658300.0,30916000.0
234.93743896484375,33.853633880615234,246.07705979363328,34.46441876278326,232.38896748106293,33.45842154420449,246.07705979363328,33.58417076822566,100959800.0,37044800.0
226.98341369628906,33.68297576904297,230.78622201033428,33.961422935574475,224.68381655532258,33.57519120597669,228.9545099800506,33.916509560088166,73063300.0,24877600.0
231.75184631347656,33.35063552856445,232.08036234711574,33.548239974938454,225.62952690670866,33.07218838295256,226.2268315478868,33.50333002923569,45067300.0,34290300.0
231.42332458496094,33.10811996459961,231.62242106375825,33.29674380524123,227.24223776986636,33.00931602147987,227.50106167329415,33.27877914045496,39620300.0,20539800.0
232.16995239257812,33.04524230957031,232.74734282564026,33.34165068523866,229.39250557129796,32.96440303867728,230.24863411824003,33.09015225419774,29925300.0,17512400.0
226.60511779785156,32.85662078857422,232.94643248808816,33.26081374495229,226.23677336593994,32.66799352566715,231.5527419594936,33.108119237237794,39707200.0,21438700.0
226.8741912841797,33.081172943115234,229.80417456619486,33.260812728723835,226.42572786906877,32.982369005184935,228.7876615470872,33.063208279272516,33115600.0,17483300.0
231.8272705078125,33.081172943115234,234.42837673351212,33.31470672025198,227.3525813044295,32.946439677499505,227.42233485023965,33.24284806488112,53718400.0,16624300.0
236.06277465820312,32.587154388427734,236.15247950770552,33.00931543741162,229.89386689621963,32.43445988006044,230.41209906543347,32.91949554147902,45243300.0,37364500.0
240.70689392089844,32.623085021972656,241.514131106333,32.63206906777083,234.7672133917818,32.35362189698954,236.10264318513748,32.51530045726132,53614100.0,15351300.0
243.76644897460938,33.62907791137695,244.71320848741047,33.7548305513203,240.16875066053348,32.69493942808997,240.4278591482801,32.73086532737898,40896200.0,40322000.0
,33.83567428588867,,34.060227484259826,,33.65603446831966,,33.8087289985353,,22615200.0
243.6368865966797,34.45543670654297,244.34445851454996,34.52729193452512,241.01584434943877,33.87159713204532,243.31796980618805,33.88058117704887,48822500.0,44062600.0
244.03550720214844,34.52729415893555,245.17162160901916,34.724902044833435,242.33134319523683,34.01531320584507,243.8262313730556,34.23088575649817,32204200.0,32648200.0
244.99224853515625,34.58118438720703,245.93900803040836,34.64405899379832,243.45748811790233,34.410525230231976,244.10528213544586,34.5093257360118,32316900.0,26641200.0
244.71319580078125,34.482383728027344,247.84249441981407,34.60813295314582,244.38431857946645,34.284775844892934,245.11182656230832,34.60813295314582,53197400.0,30115200.0
246.25791931152344,34.2398681640625,248.01191597096326,34.59017057906226,243.58704451830639,33.952440365785286,244.0953010258401,34.58118995942031,51326400.0,27830300.0
246.1981201171875,34.0871696472168,249.14803959700342,34.52729191265288,244.0753891604379,33.979385092107236,247.15485528022737,34.239864148087904,48013300.0,31960900.0
239.5408935546875,34.0871696472168,244.14514449402503,34.35663274819531,238.3150894487839,33.90752643776138,243.49736566903925,34.35663274819531,44433600.0,27420200.0
236.49131774902344,32.883567810058594,241.6337368385667,33.00033642157123,236.25213016109495,31.868586489946313,238.5941277716784,32.65901463290868,41153600.0,129693500.0
241.01583862304688,32.27278137207031,241.26498665715278,32.82967226574369,229.41550676334808,32.164996811516296,236.14250368420718,32.77578169867139,56833400.0,55476800.0
237.2188262939453,,243.1983791446907,,235.30537120652147,,240.96600727263495,,47184000.0,
235.1259765625,,239.25188262538288,,233.88023638606123,,236.89992456399492,,53798100.0,
234.93663024902344,31.09612274169922,235.7438674276595,31.53624847270289,228.44880585950324,31.033248126757197,234.61771347352882,31.455409192576074,47227600.0,48552000.0
234.52804565429688,30.772764205932617,237.0494227188423,31.545227641305093,232.36544239217005,30.5661757054229,233.64107919926062,31.266783909770393,45170400.0,47749600.0
238.2552947998047,31.1051082611084,240.54744460053885,31.374571398827158,233.95996981993864,30.745821793210258,234.30878315837532,30.79971579131789,46273600.0,28074700.0
226.70477294921875,31.09612274169922,235.35520052510583,31.09612274169922,223.45588808739058,30.53923182660867,234.73730306532093,31.06019683773916,72071200.0,35037200.0
220.08740234375,30.629053115844727,225.0703629938446,31.347626050202003,216.7089556312574,30.4583939284602,223.04728218644934,31.212892768407592,76137400.0,28805400.0
216.2405548095703,30.629053115844727,220.99430349899413,30.898519679433548,214.17761702040198,30.503303880255107,219.3897895710681,30.682947113844428,62547500.0,20149100.0
208.96542358398438,30.934444427490234,216.10102664759694,31.024267754128648,207.70972301630272,30.575161400165264,215.21406028960521,30.70091063104948,61368300.0,19263600.0
212.762451171875,31.886552810668945,213.22087501834247,32.12008661940849,208.86577244295887,30.87157143786419,210.53007941159925,31.078159960397947,60107600.0,41529400.0
213.2707061767578,32.4793701171875,214.48654973692538,32.70392328542757,209.25444129100026,31.976369786822346,212.58305520506434,31.98535383234123,48073400.0,31175900.0
211.96519470214844,32.50631332397461,214.4168029665515,32.703921195850974,210.76928711901598,32.25481488806593,213.43018643369246,32.50631332397461,42432400.0,15086400.0
214.50648498535156,32.4793701171875,218.0144781615262,32.63206805332365,213.0215573102422,32.362601510308025,213.48995680484757,32.57817405943864,54385400.0,21180500.0
213.37039184570312,32.55122756958008,216.74883872802718,32.76679668431378,211.49679368091097,32.12008248729407,213.2607660976187,32.47936891372931,48862900.0,46921900.0
217.5261688232422,33.05422592163086,218.09421843072647,33.260814426754926,210.55998434888178,32.49733501971339,210.83902892918795,32.533264349233086,94127800.0,61175700.0
219.97776794433594,33.009315490722656,220.72521201243578,33.179974663833974,217.8351010318318,32.7847623241191,220.24685206675267,32.96440554268383,44299500.0,20348000.0
222.98748779296875,33.269798278808594,223.3363011191594,33.70093995130862,219.32999652191663,32.90153121939756,220.0176475207108,33.099135677787515,34493600.0,28036100.0
220.77505493164062,33.584171295166016,224.25316696482244,33.79974384430566,219.71866969932233,33.3686021724358,222.7483031053444,33.3686021724358,34466100.0,26870300.0
223.08717346191406,33.83567428588867,224.22328797900445,34.10514086506197,219.8083765580053,33.58417580016415,220.63554992146092,33.6201051342419,37094800.0,28444400.0
217.1574249267578,33.62009811401367,223.04728822423488,34.0242944719633,216.93817343567548,33.31470569094164,220.91458161653458,33.81770598376886,39818600.0,22057700.0
221.37301635742188,33.37758255004883,224.8511131847691,33.80872421879925,215.49311362240712,33.30572731846179,216.27045427307317,33.54824172317627,65299300.0,26049400.0
222.4293975830078,33.50333023071289,222.91771798921508,34.105134471258474,218.15400887457568,33.41351033876722,219.06091135294477,33.50333023071289,36412700.0,19075600.0
223.12701416015625,33.41351318359375,224.4225869866718,33.50333308318669,220.2667995775576,33.08117544340843,220.56578026164416,33.476387798590714,35905900.0,16959200.0
202.49754333496094,32.335655212402344,206.78289223919597,32.60511832055717,200.56415230327434,31.985352829160142,204.8395255545537,32.470388479684416,103419000.0,65896000.0
187.738037109375,31.033245086669922,199.19884701911502,31.446422066215877,186.70157274086588,30.368569671993246,193.2292544699453,31.203907676002224,125910900.0,87263200.0
180.84161376953125,29.802698135375977,193.48835506739644,31.033248594604878,174.02491207450518,29.739823519486077,176.59612158290105,30.46737362518621,160466300.0,85724900.0
171.83241271972656,28.74280548095703,189.6913418115003,30.48533682973266,168.63336050772435,28.63501920659337,186.06374707733985,30.269767707414758,120859500.0,62128500.0
198.17236328125,29.91048240661621,199.92636006312654,30.16198429410418,171.30423111843703,27.880523199891375,171.3640242168161,28.123039328330595,184395900.0,106391600.0
189.7710723876953,28.05118179321289,194.11621470149436,29.658983324672008,182.37636057603893,28.024236509064135,188.42568213047016,29.641018659769674,121880000.0,71250600.0
197.4747314453125,28.608074188232422,198.85999394662434,29.012268866134267,185.42593581806156,27.64698689516204,185.46580802047046,28.293699407727832,87435900.0,65329400.0
201.82984924316406,28.500288009643555,212.2143377637297,29.533233965266735,200.47448329230923,28.239807222538516,210.7194495182335,29.281732084163405,101352900.0,56015200.0
201.4511260986328,27.84459114074707,202.81645240683693,28.626036871732904,199.11910423874315,27.826626477229098,201.1720815277121,28.500285940311688,51343900.0,58276900.0
193.6079559326172,27.84459114074707,200.01603598224625,28.266750454191836,191.71442177543545,27.709859590771476,197.68401406478426,28.105073622143884,59732400.0,73227700.0
196.3087158203125,28.39512825012207,198.15241736523095,28.698868607992285,193.75744237056688,28.036161095859164,196.5279673080365,28.22945137208879,52164700.0,65752700.0
192.50173950195312,,193.13955785695288,,189.1631497833642,,192.61136524453693,,46742500.0,
199.059326171875,28.459556579589844,200.9030125684292,28.76329692489383,195.3021694205859,27.916505393202062,195.45165216386687,28.34910474694643,52976400.0,41683900.0
203.9027557373047,28.137407302856445,207.29116289420588,29.251123072683562,202.10888686320854,28.07297779863639,205.29797863560773,28.855339826106295,52929200.0,71566500.0
207.659912109375,28.008548736572266,208.11835121294007,28.385923057737685,202.2484237558185,27.66799052315422,204.1917755069081,28.358309660247894,47311000.0,61589200.0
208.56680297851562,28.091386795043945,209.0352025034097,28.284675308151613,205.49729734578435,27.796850914743313,205.66671618569228,27.925709923481758,38222300.0,35581500.0
209.4238739013672,27.980932235717773,210.77923983434187,28.33069487617358,206.7530142372406,27.842868774726124,209.2843516085664,28.128200161518485,38743100.0,27362000.0
210.490234375,28.128204345703125,211.51672307140856,28.35831073344252,207.6599011161091,27.750830010256315,207.978817902887,27.888893491785467,36827600.0,33041100.0
211.7758331298828,27.603561401367188,212.8521544830753,28.14661260387037,205.96569903614,27.57594800349381,208.58674127234366,27.990140193732632,52286500.0,52798300.0
212.59304809570312,,213.82881264887993,,208.18809734114114,,208.3674918385056,,57365700.0,
204.6501922607422,28.358308792114258,206.2846026840361,28.358308792114258,201.47106105284274,27.585151241792246,205.38766067678682,27.79685043825521,101010600.0,33146600.0
198.21221923828125,27.299819946289062,203.4044712176219,28.18342933131294,197.5345438511527,27.299819946289062,202.40787903175757,28.137407003379646,69018500.0,59011700.0
197.83349609375,27.75082778930664,199.96620262041338,27.971729693188585,196.34858356859348,27.5759464570605,197.5345306234426,27.714011683112457,51216500.0,52751300.0
195.58120727539062,27.879690170288086,198.7603386318323,27.88889288069229,192.59143085844198,27.520723019490973,198.49125449640593,27.88889288069229,68536700.0,35050400.0
196.81698608398438,28.266265869140625,199.3682595147921,28.560803499724344,194.0165494128041,28.026956787373063,197.04619801698016,28.155815793797487,50478900.0,44665000.0
197.8534393310547,28.45035171508789,199.85658408831688,28.698867018372642,196.86680762308345,28.20183641180314,198.32183886048443,28.625233049500007,36453900.0,25075600.0
210.34713745117188,29.131467819213867,210.82613996616402,29.61008776297477,206.31563192374182,29.131467819213867,210.52676720097676,29.36157420286575,63775800.0,53493600.0
212.48263549804688,29.573270797729492,212.95164926547025,29.68372086900534,208.56089957562318,28.85533831214755,209.98788789546765,29.24191707275748,51909300.0,56165300.0
211.88389587402344,29.370779037475586,213.49051386836734,29.564067559494138,210.13757262915965,29.17749051545703,211.98367663769176,29.453617477075653,49325800.0,28060100.0
211.00575256347656,29.333959579467773,212.51258988469863,29.536452544497973,209.0997617101353,29.076239823961167,210.506803034962,29.177487184262368,45029500.0,32468300.0
210.81614685058594,29.47202491760254,212.12340739052024,29.600883925759344,209.3292870180407,29.140671175973818,211.9138418912236,29.306348046788177,54737900.0,48111800.0
208.3413543701172,29.43520736694336,209.0398806327114,29.545657444942105,203.83084657536088,29.177489347898067,207.47318710280226,29.306348357420713,46140500.0,30200500.0
206.42539978027344,29.55486297607422,208.03201787298204,29.830989920194952,204.5992426766309,29.407595038466855,207.23369558110693,29.499636182792234,42496600.0,33485800.0
201.6654052734375,29.2235107421875,206.60500227852873,29.81258252292402,200.28831500749223,29.16828570163655,204.73893602091724,29.646905645698777,59211800.0,28724100.0
200.9369354248047,28.836931228637695,202.32401437172413,29.131467111666815,199.28041949489233,28.726479394715604,200.2883071907537,29.12226264587561,46742400.0,42207300.0
194.85975646972656,28.90135955810547,197.28464391104225,28.90135955810547,193.05356158182016,28.413535180019284,193.26311186041877,28.61602815247277,78432900.0,25732400.0
,28.809316635131836,,29.02101582839529,,28.66204869973168,,28.956584570531987,,21277100.0
199.78936767578125,29.021015167236328,200.31825293342968,29.149874168882718,197.01519441683536,28.864542769991896,197.88337691051132,29.011810702036982,56288500.0,34361500.0
199.99891662597656,28.928972244262695,202.30406088976383,29.19589471250983,199.48000488022652,28.928972244262695,200.16855762950956,29.149874142127565,45339700.0,30516200.0
199.5299072265625,28.754091262817383,203.38179807643976,28.993402093944006,198.09293019267844,28.579209933230192,203.15228556391767,28.97499316334067,51396800.0,20778800.0
200.4280242919922,28.441146850585938,201.53569281345096,28.781705049077516,196.36656797106642,28.441146850585938,198.95112277889336,28.671253219531735,70819900.0,45127700.0
201.27622985839844,28.60682487487793,201.70533435611304,29.13146713641581,199.69954757512772,28.542395369857115,199.85921507319503,29.122262670616788,35423300.0,35111000.0
202.84292602539062,28.615516662597656,203.34187550579085,28.729295039009852,200.53778186221837,27.866468149239516,200.92696184786135,28.331067104617798,46381600.0,59828700.0
202.39389038085938,27.828540802001953,205.80670326672896,28.871518829262037,201.67540185470463,27.752687953208923,202.48369763994597,28.67240397088373,43604000.0,41952900.0
200.20849609375,27.838024139404297,204.3198354061699,28.10350822029774,199.7294935749724,27.69579845781176,203.07246156364138,27.97076617985102,55126100.0,23774000.0
203.49156188964844,28.131954193115234,205.26782088834017,28.283659901464702,201.62549563553227,27.83802460924748,202.57349663849442,27.92335929625339,46607700.0,28069300.0
201.02676391601562,27.657873153686523,205.56720771427428,27.942320902165154,199.59977555964565,27.36394357246198,203.96058960802065,27.705280508941403,72862600.0,43834800.0
202.2441864013672,28.49225425720215,203.92066462184746,28.653441795321523,200.14860765917956,27.828542247897115,200.1785434107301,27.88543143532905,54672600.0,46241800.0
198.36236572265625,29.44041633605957,204.07034932786254,29.544714688573062,197.99314795828434,28.729295151048714,203.0724503091444,28.729295151048714,60989900.0,52432400.0
198.78147888183594,30.104129791259766,199.26046614106752,30.255835497498378,196.94534836583952,29.13700455763262,198.66173587371065,29.203375578052675,43904600.0,51729500.0
196.03726196289062,30.84369468688965,199.9490243445518,31.450517512431077,195.2888376882346,30.50235594328526,199.3103695725812,31.39363013312991,51447300.0,74902600.0
198.0031280517578,30.540283203125,198.27256505925683,31.222960688746827,196.1470352061455,30.407541162465055,196.8854859861783,30.843694615190405,43020700.0,45972200.0
195.2289581298828,31.232439041137695,197.97318035709665,31.374664715345585,194.79986887227625,30.691987266266352,196.78567812068002,30.701470906919756,38856200.0,57633400.0
196.16697692871094,31.203998565673828,197.15490236836843,31.48844632642569,194.66015499959357,30.80577242401112,195.52832221137376,31.251405922974218,45394700.0,49342900.0
200.57769775390625,31.118661880493164,201.27622400422058,31.441036953195166,196.44639652864126,30.938512487522654,197.8235020126397,31.033327196044127,96813500.0,85062700.0
201.07666015625,30.341169357299805,201.87498244787415,31.611705968814704,198.54200324907936,30.161018157867943,201.20639190632414,31.56429861508377,55814300.0,54592400.0
199.87918090820312,29.74382781982422,203.0125832870988,30.189463085296314,199.77938491343542,29.525749294744642,202.16436301176623,29.667974970201847,54064000.0,48728300.0
201.13653564453125,29.592121124267578,203.2421033073339,29.90501617208124,200.19850807531137,29.592121124267578,201.0267661369261,29.6964194735388,39525700.0,23127700.0
200.57769775390625,29.829160690307617,202.2142514946699,29.96190453348968,199.04094000321476,29.686936823338954,201.00678701240994,29.72486415238371,50799100.0,17227000.0
200.65753173828125,29.592121124267578,202.7930349784745,29.819681487854723,199.57979899649257,29.525750105085763,201.4658274879402,29.76279049272062,73188600.0,16482100.0
204.7389373779297,29.75330924987793,206.95427439094752,29.857607601216234,198.84135059390303,29.48782516788904,201.58557286233471,29.59212171075267,91912800.0,23091100.0
207.3833770751953,29.857606887817383,209.74839282792448,29.933459739212495,205.70689884063935,29.63953016611576,206.23578409144605,29.81968136635714,78788900.0,17014100.0
211.99366760253906,30.38857650756836,212.8917706186518,30.568729514268654,207.7026988246806,29.848124721365913,208.47108532398713,29.942941236667572,67941800.0,28311600.0
213.10134887695312,30.492876052856445,214.19902871499423,30.710952780682998,211.36499901814886,30.284281157779915,211.70428104663077,30.34117034580539,34955800.0,14322300.0
,30.454946517944336,,30.635099518683138,,30.312722653935523,,30.341168150127107,,9356900.0
209.50889587402344,30.398059844970703,215.77570049162512,30.587689256731814,208.36131809352125,30.246352336917717,212.23315593085263,30.454947221719365,50229000.0,17938800.0
209.5687713623047,30.834213256835938,210.98578616820197,30.900584274294154,208.01205130024096,30.36961251767925,209.658593847986,30.407539846783713,42848900.0,28778300.0
210.69639587402344,30.644580841064453,210.8859991217609,30.938512222078014,206.78463359109693,30.39806043085414,209.0897778625777,30.881621227283674,48749400.0,22338900.0
211.96372985839844,30.5687313079834,213.03147386855414,30.748880708305297,209.58872537016995,30.07568503778885,210.06771262581316,30.350650958976058,44443600.0,23102800.0
210.7163543701172,30.938512802124023,211.68431760849728,31.00488382215381,209.41908263784933,30.483395686084343,210.12759762046792,30.530803040827145,39765800.0,23946700.0
208.1816864013672,30.530803680419922,210.46688365912564,31.071255493098356,207.10395364435493,30.454949017682896,209.48893166698292,30.938513450257954,38840100.0,24106300.0
208.67066955566406,30.293764114379883,211.44482767792792,30.701473895382968,208.48106630115817,30.161020259429616,208.7804390594974,30.56873184890745,42296300.0,18688300.0
209.71847534179688,30.14205551147461,211.95375954691573,30.29376120960712,208.2016644692293,29.83864230673501,209.8581806046168,30.246352048644102,47490500.0,27588900.0
209.57875061035156,29.83864402770996,211.3550095983717,30.123093584470276,209.14964612579556,29.772273007008287,210.12759810142074,30.123093584470276,48068100.0,27497600.0
210.73631286621094,29.383527755737305,211.34503189230253,29.96190691022786,209.25942654413325,29.013745310590743,210.42696659875526,29.772273866910545,48974600.0,57635000.0
212.0335693359375,29.44041633605957,215.3266389893317,29.658494873903667,211.18536434566,29.17493225107932,211.65437808070223,29.288710627935227,51377400.0,16412000.0
213.94955444335938,29.724864959716797,214.49840197701596,29.942941682223395,211.78411528941558,29.383526222941505,212.69220709721728,29.440415409579174,46404100.0,24557100.0
213.7000732421875,30.331687927246094,214.69797228179937,30.369613449039043,211.9637386583707,29.677455947927225,214.54829351654996,29.72486511076172,46989300.0,27418600.0
213.31088256835938,30.28428077697754,215.2368355364858,30.36013362954927,213.08137006420023,30.009313056108343,213.45058781785585,30.27479894434674,46022600.0,17856300.0
213.43064880371094,30.322206497192383,214.7877920897316,30.51183953409836,212.95164630742312,30.25583547681769,214.24891808809048,30.331688329885147,40268800.0,13341000.0
213.6002960205078,30.360132217407227,214.39861831079742,30.748878294814926,212.61237047326716,30.037757156853342,213.5803337758995,30.49287425111486,37858000.0,27972800.0
210.8261260986328,30.758359909057617,214.3586818606333,30.910065614989556,210.37707459375494,30.331688289302043,213.73000061776605,30.521319517479633,51411700.0,33284000.0
208.6107940673828,31.07125473022461,211.94377315400357,31.12814572588057,207.28358653790625,30.597173950606198,211.454797150492,30.625617639959525,45512500.0,27110400.0
207.1339111328125,30.947994232177734,209.39913099136336,31.05229258751949,206.72476887181696,30.739397521494226,208.0519764228089,30.76784482919165,80698400.0,23544900.0
201.95481872558594,30.540283203125,213.1312852679161,31.20399702337407,201.07666267114303,30.37909747288059,210.4269720875647,31.09969867229859,104434500.0,24191800.0
202.9227752685547,30.492876052856445,207.44325668811337,30.597174404632046,201.25627047720934,30.30324301480529,204.0803265791815,30.54028340813189,75109300.0,15215600.0
202.49366760253906,30.635101318359375,204.90858140720596,30.729916027618827,201.73526982787092,30.369613621924152,202.97265486934364,30.464431948132916,44155100.0,20635500.0
212.80197143554688,30.673023223876953,214.9275012748427,31.232438656211407,205.15806109322384,30.521317527834515,205.19798558200998,30.910063600002584,108483100.0,32854600.0
219.56771850585938,30.84369468688965,220.38600300495352,31.147106099660363,216.12496995802366,30.748879976754807,218.42014073215765,30.947993038207585,90224800.0,21111400.0
228.86814880371094,28.94737434387207,230.5146761138317,30.388578603662786,218.78936250198095,28.94737434387207,220.36604479784603,29.867090446245225,113854000.0,107235300.0
226.95997619628906,29.12752342224121,229.33767612130436,29.42145481753052,224.54232171734583,28.994781378223273,227.6992650180531,29.11804158931497,61806100.0,28045800.0
229.42758178710938,29.2033748626709,230.57647717809445,29.649011946245587,226.8500938879156,29.061150992615527,227.78917070894937,29.19389483867855,55626200.0,37973300.0
233.10403442382812,28.98529815673828,234.77241529044048,29.260265873002613,230.2068337695816,28.83359245413542,230.8462285986664,29.20337487817057,69878500.0,38340700.0
232.5545654296875,28.615516662597656,234.89229562265464,29.137004806182034,230.6264418350812,28.46381095506494,233.83332460758467,29.137004806182034,51916300.0,43087500.0
231.36570739746094,28.606033325195312,234.0531046408583,28.653440678127744,229.11788646444978,28.19832357946788,233.77337703316005,28.539662307700073,56038700.0,55416100.0
230.66639709472656,28.78618621826172,232.89423321308522,28.966335616802706,229.88715369469057,28.46381113559142,231.47561022214762,28.681887865493476,37476200.0,31498100.0
230.3367156982422,28.482772827148438,232.64447617946885,28.66292221320338,229.1278960385577,28.302621632618923,231.05601964615855,28.634478525128692,39402600.0,39294300.0
225.79110717773438,28.6534423828125,230.24679444121838,28.786186234174927,225.55134937034353,28.539664005615787,229.75726351111018,28.558627671306805,42263900.0,23706600.0
224.68218994140625,28.71981430053711,226.30063142153253,28.852556339208707,223.56327948127884,28.454328414719274,226.05087353353895,28.65344147272667,30621200.0,23327000.0
227.53941345214844,29.5458984375,228.8681272027074,29.5458984375,225.1916985271248,28.896218271651687,225.95095699429655,28.98348887971356,42477800.0,49813600.0
226.94000244140625,29.720439910888672,229.07792927219558,29.846498278959068,226.01089520624416,29.49741584368986,226.26065308481304,29.54589869325407,30983100.0,21075300.0
229.08792114257812,29.507112503051758,229.26775474756235,29.652562899864105,224.4724002828088,29.31317740763387,226.65028173376106,29.555595352155162,54575100.0,21789700.0
230.26678466796875,29.73013687133789,230.676376013076,29.749530750977897,228.03893336267103,29.439236074746404,228.38860049855515,29.52650668362428,31259500.0,16349100.0
232.33477783203125,29.9919490814209,233.18396075811214,30.185882331793955,229.11789497993007,29.7786201016577,230.59647266873003,29.84649868126556,38074700.0,25802500.0
231.91517639160156,30.15679359436035,233.15398096397084,30.399211546325464,231.145917853049,29.914375642395242,232.28481317583598,29.99194931304399,39418400.0,27713400.0
,30.22467041015625,,30.418605512075683,,30.10830897910415,,30.253761230294828,,9889700.0
229.49752807617188,30.37981605529785,230.62643860177437,30.486480540346967,226.75019132336067,30.059824449652602,229.02798202980685,30.059824449652602,44075600.0,19812000.0
238.2390594482422,30.118005752563477,238.6186963224971,30.399211463841045,234.133039090421,29.98225229167207,236.98028515930878,30.176187392518816,66427800.0,29788800.0
239.5477752685547,30.118005752563477,239.66765417218173,30.370120643863377,236.51072617258424,29.991949231664623,238.21906152531412,30.05982596211033,47549400.0,24816500.0
239.45787048339844,29.662260055541992,241.08629675958926,30.14709594811443,238.25903569310344,29.27439171138447,239.76756781945676,30.137399008322724,54870400.0,46121900.0
237.64962768554688,29.77861976623535,239.91741830634814,30.0307346534325,236.11111057683257,29.584686518046734,239.06825064349684,29.89498119475025,48999500.0,18164200.0
234.123046875,30.011343002319336,238.5487492683241,30.2052762529574,233.13400016518182,29.875587692420286,236.77047435136637,29.92407239220644,66313900.0,31283900.0
226.5703582763672,30.554357528686523,232.19491077497392,30.58344834744928,225.73117543382176,29.982251039533708,231.96513778704139,30.021036948381937,83440800.0,35949600.0
229.80722045898438,30.43799591064453,230.22681187017153,30.52526651687879,226.43048902665416,30.32163633533359,226.66027725307507,30.350725304410272,50208600.0,17607900.0
233.84332275390625,30.23436737060547,234.28288383192944,30.738597156334496,228.79821036620638,30.214973490499997,228.9980136278554,30.49617920352272,55824200.0,19318400.0
236.47076416015625,30.496177673339844,237.95932665324483,30.59314336999742,234.80238330570734,30.118004428267273,236.77047667310174,30.350725429349257,42699500.0,21978400.0
237.9193572998047,30.57375144958496,240.98639147239973,30.719201844593027,236.09114297984144,30.389513296173618,236.9502954777413,30.641628177288585,63421100.0,19154700.0
238.75856018066406,30.75798797607422,239.86748583209587,30.82586655377116,237.4997706474641,30.505873093134824,238.73857528095925,30.583448610502757,46508000.0,29148100.0
237.64962768554688,30.45738983154297,240.9664044724694,30.85495510515543,236.4208079152849,30.24406271017841,239.737599946219,30.80647225695961,44249600.0,25702900.0
245.26223754882812,30.118005752563477,246.06146581163878,30.49617901426442,239.9773675285625,29.97255535167951,240.99636870073516,30.476785134279307,163741300.0,48871300.0
255.8319854736328,30.418603897094727,256.3914711896616,30.515569593404148,247.8797028858207,29.90467719894511,248.05953649140056,30.05982453244271,105517400.0,22016100.0
254.18359375,30.93252944946289,257.0907792625319,31.11676760574603,253.33442606621003,30.505873347886933,255.63220171436936,30.534964167142846,60275200.0,39895300.0
252.06564331054688,31.630693435668945,255.4923293909784,31.640392225220364,250.79686899703333,31.087679588930648,254.9728287261993,31.18464529041837,42303700.0,36414400.0
256.6212158203125,31.37858009338379,256.9209435623003,31.805234354470244,251.466224879955,31.26222051290646,252.96477212582877,31.70826865390653,55202100.0,29556300.0
255.2126007080078,31.271915435791016,257.3505275669758,31.74705624361766,253.5342198150173,31.174949735746893,253.8539172209246,31.504638294503,46076300.0,27819700.0
254.18359375,30.845258712768555,254.75304905914027,31.553120515697923,252.76497075706976,30.767685044577927,254.31347273152574,31.28160990277752,40127700.0,35720000.0
254.38340759277344,30.50587272644043,255.67215158054225,30.932528819324816,252.8648753735947,30.214971937815957,254.61318058017173,30.728898637188106,37704300.0,48611500.0
255.20260620117188,30.428298950195312,258.53938316103813,30.593143223024217,254.6831055272507,30.35072528354066,254.7929996074261,30.496177526832476,48713900.0,24817000.0
256.8809814453125,30.137399673461914,257.9299523535748,30.457391295641923,253.9038565188199,30.07921988292978,256.33149581258533,30.42830047562476,42630200.0,25497100.0
257.7701110839844,30.059825897216797,258.9889308017334,30.3798175182716,253.70406057825727,30.059825897216797,254.42336451804394,30.214973237758386,49155600.0,19756800.0
256.44140625,29.78831672668457,258.819106172963,30.282849561586346,254.80299514816292,29.768924696503802,257.7401350456914,30.253760591564113,44664100.0,21245400.0
256.23162841796875,29.894981384277344,257.15072039039774,29.924072203966038,255.18262697514498,29.429539366271275,256.56129542181253,29.78831689492097,31955800.0,29068800.0
257.8100891113281,29.720439910888672,258.2696351050741,30.137399075348636,255.8619653198879,29.57498951269389,256.2715719294531,30.137399075348636,36496900.0,17687400.0
253.79396057128906,29.29378318786621,257.75013209688524,29.904677436683894,252.8948383011137,29.274391158151428,257.5603136690899,29.730136222735986,38322000.0,22879700.0
245.032470703125,29.031972885131836,256.13171175032437,29.245300005576937,243.76369637579657,28.964096158149403,254.69310389004832,29.18712021809229,61999100.0,50214400.0
247.42015075683594,29.31317710876465,249.44818352992385,29.351964867253614,245.32217845998096,29.061062227092748,249.13848619669534,29.23560344128884,38142900.0,13890500.0
247.53004455566406,29.109546661376953,248.60900042906025,29.536200903875958,244.46301046499008,28.97379135739808,246.36117950382103,29.04166993413857,35478000.0,28138200.0
249.09852600097656,28.847736358642578,251.5761352503302,29.254998592979973,247.2303418581919,28.770162687792702,249.24838988167792,29.13863716195406,33893600.0,40261000.0
247.21035766601562,28.556835174560547,248.79881419551728,28.905915763979323,244.8926123625184,28.518047414901698,248.00958596667436,28.83803903407851,39777000.0,28660900.0
252.045654296875,28.82834243774414,253.13461023404025,29.04167141940595,247.03052706557392,28.42108020398328,247.77980070207627,28.605318365554243,49147000.0,36238600.0
261.98602294921875,28.847736358642578,264.1239650925819,28.993186760298318,255.3824390623343,28.585924525960923,255.64218177653177,28.799253507924732,90483000.0,31442800.0
262.5155029296875,28.615015029907227,265.03308188579996,29.080457049863508,261.5764108568555,28.57622727015978,261.6263807259345,29.051366230052924,46695900.0,25509900.0
258.19970703125,28.944704055786133,262.5954395959732,29.119245278455544,255.18261234613632,28.721679982153976,262.3956210979312,28.857433444451424,45015300.0,27088800.0
259.3285827636719,29.274391174316406,260.36758405794774,29.788316027333348,257.76012648314656,29.19681750690807,259.68824995662277,29.594382783563564,32754900.0,40060800.0
262.56549072265625,28.935007095336914,263.87421967110856,29.526507494077748,258.9290010880386,28.905916275078408,260.93706434715574,29.381055242287424,38253700.0,24370300.0
268.5496520996094,29.090152740478516,268.8593494221352,29.245300073800898,264.3936774471076,28.78955501335416,264.6234656652487,29.245300073800898,44888200.0,24771400.0
268.7394714355469,29.080455780029297,269.6286240979669,29.42953820450448,267.8902885694659,28.857431719726637,268.7294713644567,28.9931851739105,41534800.0,25324800.0
269.4388122558594,29.109546661376953,271.1471476128123,29.245300115853716,266.85129379808274,28.896217690625345,269.01920560410514,29.177423388615335,51086700.0,24854900.0
271.13714599609375,28.983489990234375,273.87451306817263,29.24530182445148,268.2199910571769,28.857433467927365,271.72657092903916,29.012580810537013,69886500.0,22657200.0
270.108154296875,28.847736358642578,277.05143573891627,29.177424922130097,268.89933466249033,28.653801256766787,276.721738255342,29.090154311236212,86167100.0,29516300.0
268.7894287109375,29.18712043762207,270.5877038096653,29.545897954228362,265.9921525413924,28.89621779900663,270.15812755648943,28.973791466070328,50194600.0,54977300.0
269.7784729003906,29.332571029663086,271.22705027239556,29.342267969299098,267.36080327265466,29.002882480047198,268.0701070960229,29.090153087269176,49274800.0,35035200.0
269.8783874511719,29.91437530517578,271.43687417180433,30.01134285476917,266.67147434431234,29.293784097479417,268.3498399683747,29.33257185711764,43683100.0,40375900.0
269.50872802734375,30.069522857666016,273.1352174017799,30.331334688571562,267.6305743388968,29.962858367407712,267.6305743388968,30.040432037731335,51204000.0,43435700.0
268.2099914550781,31.204038619995117,272.02629915101613,31.204038619995117,266.51162568814635,29.914375208238116,269.5386899523433,30.273152736218197,48227400.0,97315600.0
269.42999267578125,31.37858009338379,273.7300109863281,31.56281640405659,267.4599914550781,30.96162092275196,268.9599914550781,31.320398453642937,41312400.0,41064200.0
275.25,32.1931037902832,275.9100036621094,32.425822945711765,269.79998779296875,31.465849956311462,269.80999755859375,31.553120564348244,46208300.0,68221300.0
273.4700012207031,31.368881225585938,275.7300109863281,32.25128241492779,271.70001220703125,31.107073094916863,275.0,32.25128241492779,48398000.0,67646400.0
272.95001220703125,31.504638671875,276.70001220703125,31.94098802630463,272.0899963378906,31.339792541020195,274.1099853515625,31.378580301104193,49602800.0,38517200.0
272.4100036621094,31.708267211914062,275.9599914550781,32.16401042264299,269.6000061035156,31.591907636728404,271.04998779296875,31.611297816755844,47431300.0,27371300.0
267.4599914550781,31.882808685302734,270.489990234375,32.07674377820322,265.7300109863281,31.737356440876308,268.82000732421875,31.7664454101599,45018300.0,63708200.0
267.44000244140625,31.989473342895508,270.7099914550781,32.164010858537274,265.32000732421875,31.67917497318817,269.989990234375,31.70826764163201,45677300.0,26520500.0
268.55999755859375,31.824626922607422,272.2099914550781,31.979774256516983,265.5,31.553120013016752,265.5299987792969,31.805233043493203,40424500.0,48719300.0
266.25,,275.42999267578125,,265.9200134277344,,270.8299865722656,,45823600.0,
271.489990234375,31.582210540771484,273.3299865722656,31.747056671875438,265.6700134277344,31.378580348529308,265.95001220703125,31.57251545023803,59030800.0,40869300.0
275.9200134277344,31.55312156677246,277.0,31.756751758992735,270.8999938964844,31.37858034515383,270.8999938964844,31.572515446841688,65585800.0,38665600.0
276.9700012207031,31.30100440979004,280.3800048828125,31.456151749282014,275.25,31.116768100082176,275.2699890136719,31.368881139630005,46914200.0,28431100.0
277.54998779296875,31.252521514892578,279.5299987792969,31.427062733946006,276.6300048828125,31.126463145797473,276.9599914550781,31.397973763771883,33431400.0,25042100.0
,31.417367935180664,,31.417367935180664,,31.223432834542884,,31.301004655395367,,16087400.0
278.8500061035156,30.82586669921875,279.0,31.33009646747668,275.989990234375,30.34103081039431,277.260009765625,31.291308708609694,20135600.0,60420500.0
283.1000061035156,30.88404655456543,283.4200134277344,31.1943393786592,276.1400146484375,30.61253779041793,278.010009765625,30.981014102439687,46587700.0,29489100.0
286.19000244140625,31.097373962402344,287.3999938964844,31.097373962402344,282.6300048828125,30.48648154940614,283.0,30.96162050384811,53669500.0,25574100.0
284.1499938964844,31.330097198486328,288.6199951171875,31.51433350889677,283.29998779296875,31.174949858402705,286.20001220703125,31.174949858402705,43538700.0,36630000.0
280.70001220703125,31.533727645874023,284.7300109863281,31.756751717874753,278.5899963378906,31.465850915221818,284.1000061035156,31.504638675310048,43989100.0,33009700.0
278.7799987792969,30.418603897094727,281.1400146484375,31.911897444384657,278.04998779296875,30.418603897094727,280.5400085449219,31.514332171109295,47265800.0,74495100.0
277.8900146484375,30.69980812072754,279.6700134277344,31.019799731165236,276.1499938964844,30.534963845683748,278.1300048828125,30.6125375133807,38211800.0,30271600.0
277.17999267578125,30.89374351501465,280.0299987792969,30.93252942448907,276.9200134277344,30.37981680558803,278.1600036621094,30.651325569917553,32193300.0,23863000.0
278.7799987792969,30.971317291259766,279.75,31.01980014064707,276.44000244140625,30.583448947654883,277.75,30.91313565259242,33038300.0,22123700.0
278.0299987792969,30.45738983154297,279.5899963378906,30.932528771970006,273.80999755859375,30.302242497913817,279.1000061035156,30.913134892890834,33248000.0,64927900.0
278.2799987792969,30.63193130493164,279.2200012207031,30.757987821014787,276.82000732421875,30.38951336288533,277.8999938964844,30.45739009073796,39532900.0,39659900.0
274.1099853515625,30.738595962524414,280.1499938964844,30.932529207540632,272.8399963378906,30.631931475589106,280.1499938964844,30.719202083172153,50409100.0,31898900.0
274.6099853515625,29.807710647583008,275.5,30.57375225059855,271.7900085449219,29.68165412847398,272.82000732421875,30.57375225059855,37648600.0,52661900.0
271.8399963378906,30.137399673461914,276.1600036621094,30.137399673461914,271.6400146484375,29.885284781819752,275.010009765625,29.924072541842637,50138700.0,39337100.0
272.19000244140625,29.962858200073242,273.6300048828125,30.33133451917925,266.95001220703125,29.894981470106917,273.6099853515625,30.253760849288856,51630700.0,34311000.0
273.6700134277344,30.069522857666016,274.6000061035156,30.29254692865866,269.8999938964844,30.03073509775311,272.1499938964844,30.127702648033186,144632000.0,45807700.0
270.9700012207031,30.15679359436035,273.8800048828125,30.573752767660697,270.510009765625,30.15679359436035,272.8599853515625,30.30224399563898,36571800.0,35896900.0
272.3599853515625,30.309999465942383,272.5,30.56999969482422,269.55999755859375,30.200000762939453,270.8399963378906,30.549999237060547,29642000.0,35703900.0
273.80999755859375,,275.42999267578125,,272.20001220703125,,272.3399963378906,,17910600.0,
273.3999938964844,30.40999984741211,275.3699951171875,30.43000030517578,272.8599853515625,30.1200008392334,274.1600036621094,30.309999465942383,21521800.0,20178600.0
273.760009765625,30.729999542236328,274.3599853515625,30.809999465942383,272.3500061035156,30.520000457763672,272.69000244140625,30.559999465942383,23715200.0,20588100.0
273.0799865722656,30.81999969482422,274.0799865722656,30.959999084472656,272.2799987792969,30.649999618530273,272.80999755859375,30.799999237060547,22139600.0,16880600.0
271.8599853515625,,273.67999267578125,,271.75,,273.05999755859375,,27293600.0,
271.010009765625,30.709999084472656,277.8399963378906,30.959999084472656,269.0,30.360000610351562,272.260009765625,30.959999084472656,37838100.0,21625200.0
267.260009765625,30.200000762939453,271.510009765625,30.770000457763672,266.1400146484375,29.729999542236328,270.6400146484375,30.700000762939453,45647200.0,48211400.0
262.3599853515625,29.639999389648438,267.54998779296875,30.43000030517578,262.1199951171875,29.6200008392334,267.0,30.3700008392334,52352100.0,38095000.0
260.3299865722656,29.829999923706055,263.67999267578125,29.829999923706055,259.80999755859375,29.530000686645508,263.20001220703125,29.670000076293945,48309800.0,28132900.0
259.0400085449219,30.200000762939453,259.2900085449219,30.34000015258789,255.6999969482422,29.790000915527344,257.0199890136719,29.90999984741211,50419300.0,34125800.0
259.3699951171875,30.299999237060547,260.2099914550781,30.739999771118164,256.2200012207031,30.139999389648438,259.0799865722656,30.170000076293945,39997000.0,27982800.0
260.25,30.360000610351562,261.29998779296875,30.56999969482422,256.79998779296875,30.209999084472656,259.1600036621094,30.299999237060547,45263800.0,18947400.0
261.04998779296875,31.139999389648438,261.80999755859375,31.31999969482422,258.3900146484375,30.360000610351562,258.7200012207031,30.360000610351562,45730800.0,54097100.0
259.9599914550781,31.989999771118164,261.82000732421875,32.529998779296875,256.7099914550781,31.200000762939453,259.489990234375,31.350000381469727,40019400.0,82309300.0
258.2099914550781,31.790000915527344,261.0400085449219,31.93000030517578,257.04998779296875,31.440000534057617,260.6499938964844,31.5,39388600.0,26456600.0
255.52999877929688,32.040000915527344,258.8999938964844,32.20000076293945,254.92999267578125,31.8799991607666,257.8999938964844,31.950000762939453,72142800.0,70947300.0
,32.16999816894531,,32.209999084472656,,31.90999984741211,,31.959999084472656,,12852900.0
246.6999969482422,32.290000915527344,254.7899932861328,32.52000045776367,243.4199981689453,31.940000534057617,252.72999572753906,32.16999816894531,80267500.0,26300000.0
247.64999389648438,33.43000030517578,251.55999755859375,33.54999923706055,245.17999267578125,32.43000030517578,248.6999969482422,32.5,54641700.0,93270900.0
248.35000610351562,33.58000183105469,251.0,34.130001068115234,248.14999389648438,33.2599983215332,249.1999969482422,33.380001068115234,39708300.0,71516300.0
248.0399932861328,35.040000915527344,249.41000366210938,35.47999954223633,244.67999267578125,33.880001068115234,247.32000732421875,33.95000076293945,41689000.0,68642600.0
255.41000366210938,35.36000061035156,256.55999755859375,35.70000076293945,249.8000030517578,35.040000915527344,251.47999572753906,35.369998931884766,55969200.0,39869600.0
258.2699890136719,36.130001068115234,261.95001220703125,36.45000076293945,258.2099914550781,35.369998931884766,259.1700134277344,35.5099983215332,49648300.0,47268200.0
256.44000244140625,37.34000015258789,258.8550109863281,37.439998626708984,254.50999450683594,36.5,257.55999755859375,36.54999923706055,33041915.0,41814600.0
